{
  "id": "2619729",
  "name": "小米",
  "font_family": "iconfont",
  "css_prefix_text": "icon-",
  "description": "",
  "glyphs": [
    {
      "icon_id": "11037524",
      "name": "circle-7",
      "font_class": "circle-7",
      "unicode": "e600",
      "unicode_decimal": 58880
    },
    {
      "icon_id": "13938312",
      "name": "location",
      "font_class": "location",
      "unicode": "e601",
      "unicode_decimal": 58881
    },
    {
      "icon_id": "14028237",
      "name": "gift",
      "font_class": "gift",
      "unicode": "e603",
      "unicode_decimal": 58883
    },
    {
      "icon_id": "14140114",
      "name": "15",
      "font_class": "15",
      "unicode": "e60a",
      "unicode_decimal": 58890
    },
    {
      "icon_id": "14948043",
      "name": "tool",
      "font_class": "tool",
      "unicode": "e6dc",
      "unicode_decimal": 59100
    },
    {
      "icon_id": "1114701",
      "name": "message2",
      "font_class": "message2",
      "unicode": "e656",
      "unicode_decimal": 58966
    }
  ]
}
